factorization,eval-RMSE,eval-MSE,eval-MAE
SVD,0.7268825614284284,0.528358258108753,0.5698853627517735
PMF,0.7245089515991173,0.5249132209472521,0.5685385926501747
NMF,0.8744364731766631,0.7646391456216409,0.6906115618169495
